dataset,feature,p_value,significant
JDS,big_data_skills,0.21723125429287382,False
JDS,maths-stats_skills,6.657535629392648e-09,True
JDS,coding_skills,2.0275005979496902e-07,True
JDS,ai_and_ml_skills,8.567173857110044e-05,True
JDS,dashboard_and_storytelling_skills,2.3984746423395638e-11,True
SDS,neuroticism,0.45393251061682516,False
SDS,extraversion,5.785878581555915e-10,True
SDS,openness_to_experience,3.644371127075962e-17,True
SDS,agreeableness,0.0008744406423124498,True
SDS,conscientiousness,1.439895844177503e-16,True
