dataset,filename,rows,columns,column_name,data_type,missing_values,missing_percentage,unique_values,min,max,mean,median,std
ds_jobs,DataScience Jobs.csv,1602,8,reference_no,int64,0,0.0,1460,1012.0,8998.0,5105.789013732834,5200.5,2291.937726595126
ds_jobs,DataScience Jobs.csv,1602,8,company_name,object,0,0.0,642,,,,,
ds_jobs,DataScience Jobs.csv,1602,8,job_title,object,0,0.0,10,,,,,
ds_jobs,DataScience Jobs.csv,1602,8,min_experience,int64,0,0.0,18,0.0,21.0,2.799001248439451,2.0,2.353685748644307
ds_jobs,DataScience Jobs.csv,1602,8,avg_salary,object,0,0.0,305,,,,,
ds_jobs,DataScience Jobs.csv,1602,8,min_salary,object,0,0.0,197,,,,,
ds_jobs,DataScience Jobs.csv,1602,8,max_salary,object,0,0.0,304,,,,,
ds_jobs,DataScience Jobs.csv,1602,8,num_of_jobs,int64,0,0.0,220,3.0,4200.0,58.05555555555556,22.0,169.0421375192035
analytics_jobs,Analytics Jobs.csv,15841,8,s_no,int64,0,0.0,15841,1.0,15841.0,7921.0,7921.0,4573.047142405889
analytics_jobs,Analytics Jobs.csv,15841,8,experience,object,0,0.0,128,,,,,
analytics_jobs,Analytics Jobs.csv,15841,8,job_description,object,3508,22.14506659933085,7859,,,,,
analytics_jobs,Analytics Jobs.csv,15841,8,job_desig,object,0,0.0,10097,,,,,
analytics_jobs,Analytics Jobs.csv,15841,8,job_type,object,12011,75.82223344485828,5,,,,,
analytics_jobs,Analytics Jobs.csv,15841,8,key_skills,object,1,0.006312732782021336,11155,,,,,
analytics_jobs,Analytics Jobs.csv,15841,8,location,object,0,0.0,1355,,,,,
analytics_jobs,Analytics Jobs.csv,15841,8,salary,object,0,0.0,6,,,,,
jds,JDS Skill Traits.xlsx,139,7,id,int64,0,0.0,137,2007.0,4000.0,2958.460431654676,2963.0,604.5387421946629
jds,JDS Skill Traits.xlsx,139,7,big_data_skills,float64,0,0.0,28,2.3,5.0,3.8496402877697844,3.8,0.846593694851453
jds,JDS Skill Traits.xlsx,139,7,maths-stats_skills,float64,0,0.0,27,2.2,5.0,4.293525179856115,4.6,0.8439218860319351
jds,JDS Skill Traits.xlsx,139,7,coding_skills,float64,0,0.0,22,2.2,5.0,4.2683453237410065,4.6,0.8929706140565628
jds,JDS Skill Traits.xlsx,139,7,ai_and_ml_skills,float64,0,0.0,22,2.2,5.0,4.566187050359712,4.9,0.6670890643917733
jds,JDS Skill Traits.xlsx,139,7,dashboard_and_storytelling_skills,float64,0,0.0,21,2.3,5.0,4.355395683453238,5.0,0.93306202023468
jds,JDS Skill Traits.xlsx,139,7,salary_hike_high_or_low,int64,0,0.0,2,0.0,1.0,0.5251798561151079,1.0,0.5011716020124712
sds,SDS Personality Traits.xlsx,161,7,id,int64,0,0.0,152,8001.0,8979.0,8484.596273291925,8504.0,280.3575034416322
sds,SDS Personality Traits.xlsx,161,7,neuroticism,int64,0,0.0,45,17.0,68.0,36.192546583850934,34.0,11.268049702560727
sds,SDS Personality Traits.xlsx,161,7, extraversion,int64,0,0.0,47,17.0,67.0,43.20496894409938,45.0,12.13472188207375
sds,SDS Personality Traits.xlsx,161,7,openness_to_experience,int64,0,0.0,46,18.0,65.0,41.32919254658385,44.0,11.3224204554037
sds,SDS Personality Traits.xlsx,161,7,agreeableness,int64,0,0.0,47,17.0,68.0,44.60248447204969,46.0,11.293404880230758
sds,SDS Personality Traits.xlsx,161,7,conscientiousness,int64,0,0.0,46,18.0,66.0,45.2111801242236,49.0,13.211931131503922
sds,SDS Personality Traits.xlsx,161,7,success_ classification_ high_low,int64,0,0.0,2,0.0,1.0,0.5279503105590062,1.0,0.5007757956566269
